{
  "shoulder_pan.pos": -9.23076923076923,
  "shoulder_lift.pos": -104.52747252747253,
  "elbow_flex.pos": 96.83516483516483,
  "wrist_flex.pos": 72.96703296703296,
  "wrist_roll.pos": -3.208791208791209,
  "gripper.pos": 1.8842530282637955
}